<?xml version="1.0" encoding="utf-8"?><theme>
    <id>1585114796173</id>
    <version><![CDATA[3.0.0]]></version>
    <titles>
        <title locale="zh_CN"><![CDATA[1585114796173]]></title>
    </titles>
    <authors>
        <author locale="zh_CN"><![CDATA[试试]]></author>
    </authors>
    <designers>
        <designer locale="zh_CN"><![CDATA[-12]]></designer>
    </designers>
    <descriptions>
        <description local="zh_CN" locale="zh_CN"/>
    </descriptions>
</theme>
