<?xml version="1.0" encoding="utf-8" standalone="no"?>
<theme>
    <id>1593482039356</id>
    <version><![CDATA[3.0.0]]></version>
    <titles>
    <title locale="zh_CN"><![CDATA[极致最新OS]]></title>
  </titles>
    <authors>
    <author locale="zh_CN"><![CDATA[萝卜特]]></author>
  </authors>
    <designers>
    <designer locale="zh_CN"><![CDATA[萝卜特]]></designer>
  </designers>
    <descriptions>
        <description locale="zh_CN"><![CDATA[【主题介绍】精心打造逼真OS，图标细节精雕细琢，带来不一样的视觉享受。右滑出现锁屏快捷程序插件。
【解锁方式】向上滑动解锁.
【售后QQ群】253107585
【常见问题】壁纸/锁屏没有应用成功请到i主题-设置打开壁纸/锁屏跟随主题切换开关.]]></description>
    </descriptions>
<tool locale="zh_CN"><![CDATA[02]]></tool>
  <toolversion><![CDATA[02v2.5.7]]></toolversion>
  <time>1593675731314</time>
  <md5result><![CDATA[6206477e9fc97fac81ad406e06de4c14]]></md5result>
<edition>2</edition>
</theme>
