<?xml version="1.0" encoding="utf-8" standalone="no"?>
<OppoSmartPhoneThemeInfo>
  <Author>萝卜特</Author>
  <Summary>lock test</Summary>
  <Description>【主题介绍】：对于我来说你就是我的全世界，对于世界而言你只是你。点击锁屏左下角“设置”形状按钮打开或关闭特效开关。点击锁屏右下角“旋转”按钮显示或隐藏到倒计时。
【解锁方式】上滑动解锁。</Description>
  <Scale>0.350</Scale>
  <XOffsetPCT>0.00</XOffsetPCT>
  <YOffsetPCT>0.00</YOffsetPCT>
  <LastModifyTime>2020-04-28-21-09-52</LastModifyTime>
  <EditorVersion>6</EditorVersion>
  <IsGlobalTheme>0</IsGlobalTheme>
  <LanguageType>1</LanguageType>
  <EditorName>桌面</EditorName>
  <UUID>2F8EC7B2-89F5-44C7-AED4-33DA15C94531</UUID>
  <PackageName>2F8EC7B2-89F5-44C7-AED4-33DA15C94531</PackageName>
  <VersionName>1.0.0</VersionName>
  <VersionCode>10</VersionCode>
  <EngineInfo>
    <item pkg="com.ibimuyu.lockscreen.oppo.v2" version="20106"/>
    <item pkg="com.color.uiengine" version="3201"/>
  </EngineInfo>
  <packageInfo>
<package name="icons"/>
<package name="wallpaper"/>
<package name="com.oppo.launcher"/>
<package name="lockscreen"/>
<package name="picture"/>
</packageInfo>
  <resolutionInfo>
<resolution>1920*1080</resolution>
<resolution>960*540</resolution>
</resolutionInfo>
</OppoSmartPhoneThemeInfo>
